usage,timing_ms
6,2208.97
6,2335.48
6,2336.61
6,2337.47
6,2338.93
6,2381.61
6,2381.53
6,2308.25
6,2306.13
6,2311.52
6,2307.35
6,2437.45
6,2440.73
6,2440.52
6,2442.28
6,2439.36
6,2443.07
6,2437.61
6,2439.38
6,2445.31
7,2225.65
7,2303.81
7,2351.22
7,2321.89
7,2362.28
7,2364.26
7,2357.03
7,2370.99
7,2381.15
7,2372.32
7,2382.26
7,2452.98
7,2444.58
7,2441.48
7,2462.3
7,2438.93
7,2461.52
7,2455.4
7,2454.24
7,2448.23
8,2073.84
8,2235.5
8,2290.68
8,2289.89
8,2319.7
8,2336.21
8,2341.78
8,2337.42
8,2340.05
8,2343.08
8,2339.33
8,2382.29
8,2392.28
8,2397.39
8,2396.94
8,2408.93
8,2401.22
8,2397.41
8,2399.57
8,2399.97
9,2069.66
9,2224.76
9,2243.11
9,2242.98
9,2257.7
9,2283.61
9,2286.12
9,2273.66
9,2279.61
9,2284.97
9,2273.28
9,2375.96
9,2388.89
9,2387.74
9,2396.82
9,2396.56
9,2385.28
9,2379.7
9,2385.77
9,2392.66
10,2067.78
10,2075.02
10,2218.45
10,2241.68
10,2266.85
10,2248.27
10,2237.47
10,2337.78
10,2352.43
10,2344.54
10,2379.61
10,2286.93
10,2309.06
10,2311.11
10,2369.12
10,2357.96
10,2353.72
10,2353.8
10,2350.35
10,2350.13
11,2285.33
11,2109.27
11,2085.69
11,2083.4
11,2086.81
11,2213.19
11,2257.9
11,2168.77
11,2251.43
11,2247.05
11,2252.59
11,2300.82
11,2305.14
11,2318.78
11,2330.81
11,2330.43
11,2336.59
11,2348.73
11,2353.58
11,2352.44
12,2298.85
12,2079.74
12,2076.33
12,2085.4
12,2074.7
12,2106.0
12,2209.52
12,2216.49
12,2201.26
12,2204.86
12,2203.92
12,2197.67
12,2236.72
12,2291.5
12,2343.14
12,2354.3
12,2356.7
12,2356.72
12,2352.64
12,2365.13
13,2347.77
13,2286.65
13,2075.67
13,2083.01
13,2075.69
13,2100.35
13,2076.48
13,2152.88
13,2244.54
13,2245.66
13,2244.88
13,2249.48
13,2221.74
13,2241.99
13,2339.08
13,2376.63
13,2391.36
13,2383.0
13,2377.46
14,2370.02
13,2375.19
14,2279.1
14,2231.32
14,2231.77
14,2133.12
14,2074.31
14,2077.73
14,2179.46
14,2257.05
14,2271.06
14,2371.72
14,2371.71
14,2371.31
14,2372.48
14,2272.62
14,2296.36
14,2297.49
14,2300.88
14,2316.5
15,2346.62
14,2340.2
15,2396.68
15,2326.41
15,2315.27
15,2284.11
15,2111.89
15,2103.71
15,2074.29
15,2239.95
15,2260.89
15,2259.09
15,2270.91
15,2281.26
15,2266.83
15,2346.22
15,2366.22
15,2384.65
15,2388.09
15,2397.2
16,2393.03
15,2406.41
16,2398.25
16,2344.9
16,2347.73
16,2329.9
16,2300.39
16,2306.44
16,2078.81
16,2218.63
16,2236.87
16,2201.94
16,2205.97
16,2246.48
16,2265.57
16,2285.58
16,2356.84
16,2357.34
16,2360.75
16,2368.67
17,2370.46
16,2401.1
17,2358.06
17,2470.44
17,2462.65
17,2467.71
17,2368.39
17,2426.36
17,2102.47
17,2078.23
17,2084.87
17,2236.25
17,2234.83
17,2269.82
17,2288.09
17,2289.1
17,2323.77
17,2344.58
17,2347.21
17,2333.36
18,2336.88
17,2369.61
18,2370.68
18,2340.43
18,2324.43
18,2349.35
18,2367.84
18,2383.79
18,2290.73
18,2082.16
18,2085.83
18,2241.87
18,2239.63
18,2262.76
18,2239.79
18,2241.52
18,2250.59
18,2257.31
18,2268.75
19,2263.05
18,2268.88
18,2316.55
19,2412.84
19,2417.43
19,2417.06
19,2424.89
19,2424.48
19,2441.58
19,2307.34
19,2148.48
19,2132.83
19,2101.77
19,2101.39
19,2100.28
19,2238.56
19,2223.02
19,2158.55
19,2235.14
20,2231.82
19,2266.11
19,2258.07
19,2247.15
20,2330.86
20,2334.52
20,2342.59
20,2456.22
20,2421.29
20,2417.3
20,2416.11
20,2333.94
20,2335.35
20,2320.14
20,2318.12
20,2243.99
20,2088.69
20,2080.98
20,2156.32
20,2217.88
21,2215.59
20,2212.99
20,2286.05
20,2399.62
21,2263.88
21,2263.84
21,2268.98
21,2264.49
21,2271.07
21,2344.81
21,2357.23
21,2297.25
21,2297.29
21,2131.59
21,2133.25
21,2133.47
21,2075.69
21,2075.37
21,2071.34
21,2139.9
21,2133.13
22,2127.59
21,2210.28
21,2179.86
22,2185.47
22,2203.46
22,2197.14
22,2235.82
22,2236.94
22,2232.39
22,2230.17
22,2230.27
22,2238.0
22,2117.82
22,2120.09
22,2136.2
22,2102.29
22,2076.96
22,2069.45
22,2121.78
23,2119.27
22,2124.05
22,2110.9
22,2139.22
23,2131.23
23,2178.5
23,2172.54
23,2264.78
23,2267.62
23,2243.54
23,2201.35
23,2196.99
23,2246.21
23,2172.34
23,2171.92
23,2165.76
23,2331.22
23,2291.73
23,2101.29
24,2109.79
23,2110.81
23,2111.18
23,2147.39
23,2130.12
24,2169.94
24,2149.5
24,2163.64
24,2209.93
24,2216.68
24,2214.51
24,2218.2
24,2215.52
24,2210.55
24,2191.77
24,2193.04
24,2192.2
24,2176.98
24,2177.05
24,2103.67
25,2105.55
24,2104.48
24,2107.06
24,2075.34
24,2079.61
25,2081.8
25,2261.49
25,2223.63
25,2163.64
25,2224.1
25,2223.54
25,2225.7
25,2220.8
25,2230.19
25,2249.7
25,2243.12
25,2269.11
25,2211.32
25,2211.0
25,2184.16
26,2125.39
25,2125.83
25,2128.61
25,2078.76
25,2150.67
26,2109.33
26,2126.28
26,2125.18
26,2150.65
26,2243.16
26,2259.05
26,2271.2
26,2287.54
26,2281.64
26,2205.99
26,2209.0
26,2210.22
26,2238.95
26,2237.75
26,2242.45
27,2121.79
26,2123.08
26,2123.57
26,2105.27
27,2105.14
26,2124.73
27,2152.48
27,2160.64
27,2131.22
27,2167.19
27,2166.1
27,2233.92
27,2227.73
27,2227.64
27,2174.79
27,2188.16
27,2195.74
27,2236.52
27,2233.03
27,2244.22
28,2137.41
27,2137.94
27,2159.93
27,2113.34
28,2089.33
27,2089.04
28,2091.52
28,2091.06
28,2092.04
28,2166.16
28,2165.97
28,2132.16
28,2155.73
28,2159.8
28,2220.74
28,2219.21
28,2216.42
28,2268.47
28,2269.53
28,2264.21
28,2183.22
29,2188.75
28,2180.04
28,2191.21
28,2092.26
29,2093.38
29,2099.78
29,2103.7
29,2085.63
29,2131.09
29,2143.52
29,2157.7
29,2132.66
29,2132.64
29,2172.81
29,2169.77
29,2184.02
29,2164.24
29,2154.83
29,2137.36
29,2202.71
29,2214.28
29,2183.53
30,2200.94
29,2100.76
30,2099.76
30,2110.6
30,2114.11
30,2093.88
30,2097.43
30,2091.59
30,2114.78
30,2138.91
30,2120.96
30,2154.73
30,2148.9
30,2155.73
30,2159.77
30,2161.04
30,2161.14
30,2174.89
30,2186.64
30,2182.81
31,2184.11
31,2152.37
30,2154.81
31,2116.56
31,2115.19
31,2164.27
31,2095.74
31,2095.05
31,2099.8
31,2141.62
31,2253.46
31,2145.06
31,2143.38
31,2147.12
31,2166.71
31,2137.87
31,2136.35
31,2159.29
31,2184.5
31,2183.46
32,2185.7
32,2192.39
31,2193.78
32,2098.61
32,2099.0
32,2144.56
32,2091.16
32,2090.75
32,2075.18
32,2077.02
32,2151.6
32,2152.4
32,2153.73
32,2153.04
32,2157.8
32,2158.06
32,2175.96
32,2224.09
32,2216.69
32,2221.9
33,2219.12
33,2227.94
32,2227.18
33,2094.4
33,2095.98
33,2087.87
33,2088.11
33,2099.12
33,2072.02
33,2100.1
33,2131.13
33,2132.0
33,2132.23
33,2134.77
33,2192.46
33,2186.3
33,2170.56
33,2140.77
33,2185.74
33,2187.15
34,2187.99
33,2193.9
34,2198.99
34,2164.43
34,2164.81
34,2114.33
34,2137.61
34,2134.98
34,2073.61
34,2079.37
34,2135.57
34,2135.98
34,2137.25
34,2138.99
34,2142.39
34,2181.83
34,2215.27
34,2151.18
34,2223.54
34,2244.44
35,2245.32
34,2233.19
35,2239.95
35,2213.16
35,2215.14
35,2191.14
35,2133.47
35,2144.26
35,2093.85
35,2094.13
35,2142.75
35,2146.65
35,2147.14
35,2154.5
35,2090.96
35,2104.85
35,2176.47
35,2156.58
35,2154.94
35,2183.63
36,2220.84
35,2221.21
36,2238.46
36,2175.21
36,2186.16
36,2250.94
36,2209.22
36,2213.76
36,2173.57
36,2118.35
36,2179.21
36,2178.29
36,2179.64
36,2180.73
36,2079.17
36,2095.46
36,2093.01
36,2144.84
36,2192.17
36,2169.6
37,2223.72
36,2224.52
37,2217.88
37,2221.75
37,2221.84
37,2281.64
37,2321.59
37,2319.45
37,2260.74
37,2276.43
37,2165.94
37,2166.84
37,2167.86
37,2231.84
37,2131.94
37,2170.78
37,2140.38
37,2086.29
37,2266.89
37,2231.65
38,2134.73
37,2252.24
38,2255.51
38,2254.22
38,2258.98
38,2313.7
38,2263.91
38,2207.67
38,2263.74
38,2269.89
38,2176.67
38,2176.9
38,2180.19
38,2128.71
38,2132.71
38,2127.28
38,2143.2
38,2115.12
38,2129.96
38,2187.25
39,2118.7
38,2243.55
39,2233.66
39,2246.61
39,2237.93
39,2227.78
39,2217.11
39,2219.53
39,2233.87
39,2229.15
39,2200.95
39,2201.13
39,2200.94
39,2203.18
39,2109.48
39,2113.52
39,2087.32
39,2116.88
39,2080.2
39,2080.5
40,2092.06
40,2164.88
39,2170.05
40,2193.58
40,2202.82
40,2196.79
40,2239.02
40,2244.0
40,2261.25
40,2270.0
40,2203.08
40,2204.88
40,2206.1
40,2215.54
40,2142.1
40,2138.3
40,2119.63
40,2139.25
40,2074.53
40,2070.9
41,2078.75
41,2239.13
41,2220.08
41,2238.48
40,2241.68
41,2219.96
41,2176.58
41,2198.11
41,2281.59
41,2278.93
41,2293.96
41,2295.06
41,2295.48
41,2297.54
41,2272.98
41,2274.42
41,2231.03
41,2258.46
41,2075.55
41,2082.38
42,2075.27
42,2127.01
42,2127.94
42,2241.93
41,2245.57
42,2255.84
42,2258.73
42,2242.0
42,2266.36
42,2271.49
42,2272.59
42,2273.51
42,2264.45
42,2258.88
42,2291.06
42,2294.11
42,2283.18
42,2253.52
42,2174.73
42,2150.45
43,2099.68
43,2148.28
43,2149.48
43,2162.38
42,2231.42
43,2226.2
43,2243.33
43,2245.27
43,2212.21
43,2222.63
43,2244.4
43,2246.1
43,2217.56
43,2236.23
43,2273.79
43,2271.01
43,2268.12
43,2271.87
43,2174.92
43,2222.63
44,2209.1
44,2151.31
44,2149.55
44,2142.84
43,2165.93
44,2157.66
44,2160.01
44,2157.2
44,2164.58
44,2160.13
44,2197.59
44,2184.14
44,2223.28
44,2257.68
44,2316.51
44,2327.97
44,2325.65
44,2325.79
44,2346.8
44,2278.19
45,2256.85
45,2094.76
45,2093.15
45,2158.41
44,2124.49
45,2177.72
45,2179.28
45,2181.89
45,2145.83
45,2147.4
45,2133.03
45,2134.12
45,2177.0
45,2231.2
45,2178.85
45,2180.85
45,2192.05
45,2207.58
45,2205.45
46,2224.4
45,2230.96
46,2094.36
46,2102.7
46,2133.51
45,2122.1
46,2134.07
46,2199.09
46,2198.27
46,2137.49
46,2139.8
46,2142.01
46,2130.33
46,2181.94
46,2118.8
46,2158.56
46,2158.61
46,2195.69
46,2196.39
46,2197.27
47,2189.54
46,2210.69
47,2090.04
47,2089.6
47,2089.48
46,2127.35
47,2204.76
47,2172.46
47,2164.37
47,2155.99
47,2174.61
47,2096.3
47,2170.15
47,2169.85
47,2133.56
47,2127.88
47,2128.06
47,2134.51
47,2217.01
47,2216.21
47,2216.1
48,2218.04
48,2151.01
48,2150.51
48,2086.4
47,2077.73
48,2159.86
48,2160.75
48,2159.68
48,2161.75
48,2162.65
48,2143.03
48,2138.54
48,2145.59
48,2148.91
48,2134.76
48,2130.77
48,2124.18
48,2188.84
48,2188.9
48,2186.79
49,2184.52
49,2133.69
49,2132.23
49,2094.48
48,2079.43
49,2151.76
49,2153.14
49,2154.48
49,2155.71
49,2162.13
49,2156.11
49,2202.83
49,2214.36
49,2159.9
49,2131.03
49,2128.25
49,2161.31
49,2179.64
49,2188.53
50,2186.92
49,2194.6
50,2134.67
50,2140.21
50,2144.31
49,2102.06
50,2087.45
50,2185.34
50,2179.27
50,2187.42
50,2188.32
50,2228.82
50,2271.38
50,2274.61
50,2370.45
50,2126.28
50,2130.19
50,2154.51
1,2224.07
50,2274.33
50,2276.05
50,2377.46
1,2351.56
1,2353.54
1,2236.04
50,2173.35
1,2222.37
1,2332.09
1,2325.94
1,2324.18
1,2331.91
1,2272.24
1,2395.11
1,2458.93
1,2464.48
1,2298.29
1,2306.49
1,2211.22
1,2167.94
1,2162.98
2,2150.88
1,2268.36
2,2238.55
2,2241.15
2,2235.84
1,2217.76
2,2082.98
2,2265.99
2,2268.14
2,2278.88
2,2280.38
2,2292.36
2,2163.37
2,2163.68
2,2165.86
2,2458.4
2,2457.08
3,2256.45
2,2374.67
2,2260.4
2,2186.91
2,2259.79
2,2256.62
3,2305.97
3,2307.59
3,2305.75
3,2076.23
3,2168.65
3,2170.54
3,2169.81
3,2161.37
3,2172.2
3,2143.7
3,2142.1
3,2245.45
3,2176.32
3,2178.74
3,2179.18
3,2179.8
4,2181.45
3,2186.84
3,2188.06
4,2289.89
4,2289.07
3,2292.49
4,2291.95
4,2215.21
4,2160.15
4,2161.76
4,2163.22
4,2171.34
4,2173.53
4,2210.05
4,2163.53
4,2175.47
4,2120.05
4,2206.06
4,2206.64
4,2209.32
4,2207.3
5,2208.91
4,2205.93
5,2287.86
5,2226.05
4,2293.35
5,2295.08
5,2298.56
5,2158.38
5,2156.69
5,2175.77
5,2175.13
5,2176.97
5,2176.36
5,2232.17
5,2197.68
5,2113.96
5,2129.61
5,2130.01
5,2243.35
5,2243.83
5,2245.72
6,2245.93
6,2248.75
6,2255.48
6,2257.16
5,2265.97
6,2267.7
6,2147.73
6,2150.21
6,2208.58
6,2212.55
6,2203.92
6,2184.38
6,2173.06
6,2163.94
6,2097.01
6,2179.96
6,2131.89
6,2145.76
6,2148.57
6,2147.85
7,2146.05
7,2193.66
6,2190.82
7,2196.78
7,2199.98
7,2199.31
7,2103.13
7,2102.11
7,2171.18
7,2172.46
7,2175.49
7,2169.23
7,2172.2
7,2174.42
7,2072.05
7,2113.69
7,2124.37
7,2152.64
7,2154.21
7,2156.29
8,2162.56
8,2200.36
8,2201.67
7,2204.73
8,2205.22
8,2238.22
8,2104.06
8,2109.89
8,2155.93
8,2155.45
8,2156.68
8,2161.36
8,2170.51
8,2169.4
8,2070.82
8,2109.53
8,2083.16
8,2129.06
9,2131.55
8,2132.85
8,2142.2
9,2248.23
9,2247.52
9,2248.79
8,2251.75
9,2250.68
9,2119.71
9,2104.94
9,2169.86
9,2181.86
9,2181.31
9,2175.15
9,2174.17
9,2176.05
9,2084.76
9,2075.02
9,2078.25
9,2140.38
10,2140.55
9,2145.49
9,2143.04
10,2172.66
10,2172.29
10,2173.23
10,2173.34
9,2176.36
10,2079.14
10,2165.17
10,2076.8
10,2158.31
10,2161.33
10,2152.58
10,2153.01
10,2152.7
10,2079.8
10,2073.07
10,2084.96
10,2078.38
11,2135.08
10,2137.55
10,2136.91
11,2178.6
11,2179.5
11,2183.94
10,2183.23
11,2186.17
11,2149.74
11,2176.64
11,2210.28
11,2163.69
11,2167.11
11,2169.28
11,2172.34
11,2172.12
11,2099.54
11,2077.19
11,2085.15
11,2095.2
11,2140.96
11,2143.1
12,2145.47
12,2200.3
11,2198.46
12,2193.48
12,2212.02
12,2211.13
12,2142.49
12,2158.03
12,2186.24
12,2188.07
12,2194.42
12,2163.33
12,2162.53
12,2211.16
12,2147.18
12,2094.41
12,2146.49
12,2099.74
12,2116.47
12,2123.2
13,2123.61
12,2157.25
13,2190.44
13,2182.15
13,2198.11
13,2196.1
13,2166.87
13,2228.02
13,2225.31
13,2228.66
13,2213.15
13,2197.82
13,2202.57
13,2193.92
13,2168.26
13,2074.46
13,2076.06
13,2073.26
13,2119.68
13,2120.94
14,2119.85
13,2137.75
14,2146.17
14,2186.8
14,2191.44
14,2192.44
14,2229.24
14,2224.53
14,2205.08
14,2190.64
14,2199.19
14,2214.44
14,2216.73
14,2214.91
14,2180.74
14,2166.88
14,2161.98
14,2077.47
14,2118.84
15,2118.1
14,2120.99
15,2125.95
14,2135.73
15,2175.01
15,2170.6
15,2192.65
15,2201.59
15,2215.3
15,2174.88
15,2200.16
15,2175.56
15,2225.72
15,2224.58
15,2219.79
15,2224.9
15,2176.34
15,2235.61
15,2092.33
15,2117.11
16,2116.31
15,2119.24
16,2138.5
15,2145.04
16,2153.02
16,2146.33
16,2148.06
16,2134.04
16,2141.69
16,2190.25
16,2183.12
16,2169.88
16,2182.0
16,2217.07
16,2217.16
16,2224.01
16,2216.75
16,2214.54
16,2114.87
16,2117.7
17,2117.77
16,2130.8
17,2139.32
16,2116.71
17,2144.99
17,2155.42
17,2155.0
17,2124.73
17,2142.54
17,2203.92
17,2201.36
17,2193.45
17,2146.66
17,2222.07
17,2223.01
17,2229.71
17,2239.92
17,2211.97
17,2197.94
17,2120.32
18,2120.17
17,2128.06
17,2197.38
18,2198.79
18,2198.62
18,2202.42
18,2206.47
18,2182.67
18,2168.16
18,2144.7
18,2144.04
18,2173.84
18,2137.49
18,2183.77
18,2188.38
18,2190.1
18,2191.89
18,2175.48
18,2186.41
18,2164.66
18,2167.1
19,2167.07
18,2220.79
19,2230.5
19,2220.26
19,2221.64
19,2211.67
19,2230.82
19,2222.37
19,2132.02
19,2131.56
19,2124.24
19,2106.1
19,2094.38
19,2163.67
19,2164.01
19,2165.77
19,2169.12
19,2197.06
19,2285.46
19,2286.38
20,2286.38
19,2109.7
20,2109.43
20,2191.22
20,2190.67
20,2193.65
20,2193.8
20,2195.74
20,2142.05
20,2146.37
20,2133.19
20,2132.47
20,2104.54
20,2172.69
20,2178.39
20,2170.27
20,2164.88
20,2171.16
21,2223.21
20,2227.05
20,2229.3
20,2135.44
21,2214.82
21,2200.53
21,2271.98
21,2208.19
21,2211.01
21,2225.61
21,2168.95
21,2167.62
21,2284.1
21,2258.72
21,2108.32
21,2150.46
21,2151.12
21,2152.41
21,2152.51
21,2159.56
21,2206.86
22,2207.59
21,2206.84
21,2073.85
22,2232.07
22,2232.9
22,2237.73
22,2256.61
22,2265.54
22,2264.53
22,2272.93
22,2280.89
22,2216.52
22,2216.2
22,2236.85
22,2184.0
22,2185.12
22,2185.65
22,2185.95
22,2185.82
23,2287.88
22,2287.77
22,2287.86
22,2079.98
23,2199.37
23,2200.77
23,2248.24
23,2281.39
23,2288.15
23,2288.13
23,2276.66
23,2286.05
23,2294.36
23,2297.06
23,2256.73
23,2294.16
23,2296.63
23,2295.6
23,2287.84
23,2296.74
23,2284.66
24,2287.64
23,2286.7
23,2074.71
24,2158.81
24,2212.3
24,2253.26
24,2275.26
24,2321.63
24,2312.26
24,2230.34
24,2231.34
24,2233.2
24,2233.79
24,2242.76
24,2352.07
24,2352.41
24,2352.9
24,2352.92
24,2350.11
25,2289.74
24,2293.48
24,2297.24
24,2126.8
25,2155.96
25,2129.73
25,2153.47
25,2197.12
25,2254.4
25,2239.47
25,2162.43
25,2176.01
25,2235.42
25,2235.28
25,2234.15
25,2196.14
25,2199.62
25,2206.05
25,2207.97
25,2213.16
25,2243.48
25,2243.2
26,2268.85
25,2206.62
26,2084.64
26,2088.67
26,2098.26
26,2119.62
26,2141.69
26,2144.55
26,2139.15
26,2123.66
26,2222.3
26,2187.79
26,2223.78
26,2211.88
26,2197.99
26,2215.66
26,2208.62
26,2232.84
26,2237.54
26,2252.23
27,2242.09
26,2223.75
27,2115.99
27,2091.52
27,2102.07
27,2083.57
27,2121.24
27,2120.06
27,2122.1
27,2147.36
27,2240.61
27,2241.83
27,2245.81
27,2275.2
27,2270.7
27,2264.37
27,2266.1
27,2280.07
27,2254.48
27,2244.62
28,2247.24
27,2231.8
28,2118.68
28,2102.93
28,2166.26
28,2088.99
28,2094.68
28,2119.38
28,2090.78
28,2129.2
28,2118.11
28,2118.82
28,2118.73
28,2169.21
28,2173.04
28,2246.83
28,2245.74
28,2251.05
28,2305.84
29,2306.44
28,2307.96
28,2299.68
29,2126.97
29,2237.84
29,2254.92
29,2170.16
29,2113.78
29,2111.15
29,2096.64
29,2164.72
29,2143.05
29,2143.96
29,2143.62
29,2109.05
29,2112.7
29,2173.18
29,2182.23
29,2182.97
30,2201.08
29,2219.58
29,2218.67
29,2225.96
30,2203.87
30,2149.45
30,2150.04
30,2149.08
30,2077.52
30,2090.32
30,2095.54
30,2085.61
30,2119.81
30,2130.36
30,2133.65
30,2183.66
30,2184.78
30,2112.16
30,2205.63
30,2208.42
31,2205.62
30,2226.66
30,2228.21
30,2227.42
31,2188.51
31,2175.63
31,2175.92
31,2178.7
31,2137.31
31,2122.3
31,2100.92
31,2102.99
31,2101.73
31,2107.82
31,2111.02
31,2179.88
31,2180.08
31,2186.82
31,2192.85
31,2230.48
32,2232.26
31,2226.73
31,2222.83
31,2219.97
32,2260.72
32,2306.18
32,2307.35
32,2355.44
32,2234.62
32,2244.41
32,2246.45
32,2218.94
32,2139.8
32,2139.9
32,2140.31
32,2187.51
32,2205.42
32,2191.67
32,2189.94
32,2269.15
33,2272.31
32,2269.89
32,2313.86
32,2313.28
33,2344.82
33,2353.28
33,2361.32
33,2338.71
33,2330.25
33,2336.19
33,2331.08
33,2283.22
33,2234.96
33,2238.41
33,2239.58
33,2107.28
33,2157.99
33,2157.22
33,2264.22
33,2112.55
33,2249.67
33,2255.66
33,2260.5
34,2260.49
34,2208.79
34,2196.97
34,2232.29
34,2234.68
34,2262.64
34,2233.04
34,2241.59
34,2266.12
34,2226.09
34,2229.13
34,2227.36
34,2070.27
34,2105.89
34,2101.91
34,2093.65
34,2094.84
34,2173.14
34,2173.42
34,2173.89
35,2197.98
35,2151.17
35,2148.52
35,2188.92
35,2191.2
35,2216.18
35,2219.16
35,2207.67
35,2219.27
35,2252.82
35,2248.5
35,2250.88
35,2071.06
35,2092.99
35,2092.25
35,2086.62
35,2083.4
35,2142.64
35,2197.2
35,2207.62
36,2202.33
36,2152.0
36,2146.84
36,2153.48
36,2155.42
36,2181.7
36,2202.61
36,2219.71
36,2245.94
36,2259.74
36,2256.55
36,2262.93
36,2073.1
36,2095.6
36,2095.56
36,2086.46
36,2084.92
36,2101.58
36,2139.66
36,2133.01
37,2130.56
37,2177.85
37,2189.74
37,2153.72
37,2149.44
37,2162.61
37,2160.52
37,2240.42
37,2235.62
37,2231.08
37,2229.45
37,2229.42
37,2145.41
37,2099.84
37,2103.03
37,2109.57
37,2098.82
37,2115.99
38,2143.68
37,2144.23
37,2157.34
38,2141.21
38,2079.06
38,2153.15
38,2154.47
38,2168.31
38,2165.18
38,2211.86
38,2213.76
38,2242.93
38,2234.21
38,2236.17
38,2224.68
38,2181.36
38,2176.06
38,2098.04
38,2135.39
38,2107.31
39,2124.23
38,2122.42
38,2124.64
39,2133.47
39,2075.02
39,2162.27
39,2201.96
39,2202.04
39,2205.92
39,2249.27
39,2246.32
39,2284.1
39,2281.74
39,2296.07
39,2312.54
39,2290.59
39,2291.69
39,2276.71
39,2267.91
39,2074.88
40,2092.11
39,2124.87
39,2130.34
40,2112.06
40,2107.99
40,2155.53
40,2202.82
40,2231.32
40,2228.65
40,2297.04
40,2293.08
40,2305.29
40,2318.22
40,2331.86
40,2245.57
40,2253.58
40,2254.66
40,2240.37
40,2242.84
40,2186.49
41,2099.03
40,2126.27
40,2144.54
41,2135.48
41,2093.17
41,2080.19
41,2089.76
41,2100.51
41,2103.38
41,2198.9
41,2233.3
41,2148.15
41,2254.16
41,2253.87
41,2230.47
41,2219.52
41,2317.49
41,2317.05
41,2305.36
41,2278.09
42,2287.47
41,2297.54
41,2291.62
42,2294.28
42,2213.82
42,2084.65
42,2080.96
42,2138.32
42,2137.43
42,2135.29
42,2192.58
42,2218.43
42,2190.99
42,2180.09
42,2184.59
42,2181.16
42,2277.29
42,2275.33
42,2276.95
42,2296.21
43,2221.29
43,2267.75
42,2279.74
42,2280.36
43,2247.34
43,2079.69
43,2081.48
43,2078.73
43,2112.18
43,2179.82
43,2156.24
43,2099.65
43,2158.41
43,2158.16
43,2175.87
43,2164.7
43,2183.06
43,2183.74
43,2183.5
43,2275.38
44,2238.4
44,2247.46
43,2251.02
43,2252.67
44,2245.49
44,2112.84
44,2079.66
44,2068.77
44,2083.56
44,2070.75
44,2076.82
44,2132.47
44,2172.13
44,2211.49
44,2201.65
44,2212.0
44,2161.99
44,2243.04
44,2301.53
44,2200.48
45,2196.61
45,2262.81
45,2256.2
44,2263.79
44,2261.5
45,2214.2
45,2190.49
45,2090.16
45,2095.47
45,2076.9
45,2076.28
45,2079.2
45,2129.3
45,2170.15
45,2176.86
45,2171.04
45,2153.83
45,2157.16
45,2167.19
45,2181.62
46,2120.54
46,2201.72
45,2200.32
45,2201.58
46,2205.51
46,2196.76
46,2184.33
46,2187.69
46,2158.33
46,2081.66
46,2074.13
46,2074.05
46,2089.15
46,2094.18
46,2158.61
46,2149.57
46,2161.56
46,2142.43
46,2122.98
46,2142.25
47,2122.44
46,2222.48
47,2217.79
47,2214.38
46,2216.56
47,2194.28
47,2214.69
47,2175.29
47,2180.13
47,2107.74
47,2099.84
47,2072.29
47,2107.71
47,2079.62
47,2122.97
47,2126.09
47,2127.51
47,2125.46
47,2124.92
47,2113.34
48,2084.8
47,2223.17
48,2222.86
48,2187.37
48,2191.65
47,2337.2
48,2337.57
48,2190.44
48,2193.19
48,2189.71
48,2184.0
48,2112.52
48,2102.46
48,2081.28
48,2114.24
48,2130.23
48,2101.36
48,2154.69
48,2153.11
48,2149.96
49,2116.41
49,2144.01
48,2149.1
49,2167.52
49,2176.34
48,2229.98
49,2240.48
49,2242.98
49,2240.91
49,2214.65
49,2238.21
49,2206.37
49,2092.98
49,2090.86
49,2106.86
49,2103.33
49,2116.73
49,2128.39
49,2128.29
49,2137.41
50,2149.83
50,2177.61
49,2201.67
50,2198.21
50,2191.03
50,2323.84
50,2319.7
49,2331.19
50,2322.11
50,2261.53
50,2230.07
50,2247.02
50,2157.87
50,2150.42
50,2117.48
50,2119.66
50,2189.59
50,2209.89
50,2220.24
1,2178.45
50,2177.01
1,2096.78
50,2099.67
1,2273.91
1,2291.73
1,2173.08
1,2179.22
1,2173.78
1,2182.81
1,2179.49
1,2172.42
50,2206.07
1,2106.06
1,2105.86
1,2116.09
1,2428.6
1,2236.53
1,2176.33
1,2162.0
1,2140.91
2,2150.48
2,2147.23
1,2084.23
2,2071.32
2,2075.96
1,2090.96
2,2094.37
2,2151.49
2,2169.26
2,2169.42
2,2168.82
2,2171.18
2,2141.85
2,2157.73
2,2153.56
2,2115.1
2,2116.24
2,2114.51
2,2119.11
3,2155.28
2,2175.43
3,2081.08
2,2158.47
3,2067.55
3,2080.75
3,2111.14
2,2113.95
3,2144.77
3,2145.37
3,2146.71
3,2148.29
3,2178.01
3,2127.58
3,2146.74
3,2145.78
3,2103.45
3,2153.91
3,2179.93
3,2179.94
4,2144.27
3,2142.19
4,2153.49
3,2082.75
4,2138.12
4,2223.38
4,2145.43
3,2134.19
4,2103.75
4,2165.46
4,2163.42
4,2183.55
4,2176.58
4,2168.31
4,2108.14
4,2108.83
4,2082.67
4,2090.98
4,2158.14
4,2160.51
5,2166.62
4,2162.72
5,2088.7
4,2084.09
5,2147.06
5,2085.01
5,2092.37
4,2135.59
5,2113.38
5,2101.53
5,2175.44
5,2175.12
5,2172.26
5,2162.7
5,2126.81
5,2126.18
5,2125.71
5,2092.13
5,2134.52
5,2133.55
6,2133.46
5,2133.63
6,2122.92
